rank,channel_id,channel_title,total_videos_analyzed,avg_views_top_10,avg_views_bottom_10,performance_gap_ratio,core_themes,narrative_style,target_audience,high_performance_driver_patterns,underperformance_weaknesses
1,UCOSkIcIKdSy2tcEUCgAwQJg,Juan Carlos Gómez Psicólogo y Astrólogo,50,3940.0,0.0,3940.0,"Humanistic & Psychological Astrology, Jungian Shadow Work & Traumas, Planetary Transits (Pluto, Saturn, Chiron), Interpersonal Relationship Dynamics","Clinical, instructional, and deeply compassionate. Integrates analytical depth of analytical psychology with astrological symbolism.","Individuals seeking psychological self-discovery, emotional trauma healing, and deeper astrological understanding of relationship dynamics.","High-urgency, emotion-driven titles addressing specific psychological pains and major planetary transits (e.g., 'El poder de las palabras para sanar traumas ocultos').","Abstract lecture titles, Lack of relational hook, Overly general broadcast announcements"
2,UC1p1MEyKBEtvWsMCSAqTlPw,Silvia Neira,24,73800.0,17240.0,4.28,"Astrological Relationship Synastry, Karmic Romantic Bonds & Soul Connections, Venus & Mars Interpersonal Transits, Emotional Healing in Couples","Warm, engaging, and personal. Speaks directly to romantic experiences and relational growth.","People navigating romantic relationships, seeking clarity on soulmate/karmic dynamics and astrological compatibility.","Direct relationship promises and prominent guest collaborations (e.g., 'El mapa astrológico de las relaciones humanas - Silvia Neira y José Millán').","Short non-specific videos, Niche transit summaries without relationship context"
3,UC-qUWIssTRT6fcr6gsjkwmQ,Mensajes para vivir- César Fernández,50,30800.0,2130.0,14.45,"Spiritual Consciousness & Awakening, Overcoming Suffering & Existential Anxiety, Mindfulness & Inner Peace, Life Lessons & Soul Growth","Serene, philosophical, and inspirational. Uses calm storytelling and uplifting spiritual guidance.","Spiritual seekers facing life challenges, emotional burnout, or existential questions seeking solace and wisdom.","Direct, empathetic messages addressing universal emotional pain (e.g., 'Mensaje urgente para cuando sientes que no puedes más').","Vague philosophical titles, Repetitive generic phrasing"
4,UC-7meQ06iSAgbMq7ZFXW3uw,La Vida Me Ama,50,7470.0,1404.5,5.31,"Law of Attraction & Manifestation, Self-Love & Positive Affirmations, Emotional Healing & Self-Worth, Mindset Transformation & Abundance","Uplifting, empowering, and highly encouraging. Employs positive reinforcement and motivational voiceover.","Individuals desiring to rebuild self-esteem, manifest positive relationships, and cultivate an optimistic mindset.","First-person empowering statements and manifestation promises (e.g., 'Reprograma tu mente para atraer el amor verdadero').","Generic wealth affirmations, Overly broad manifestation topics"
5,UC0pp8Yr01gDzqDx4LJjfyuA,Canal Astral,50,8800.0,2400.0,3.67,"Astrological Forecasts & Horoscopes, New & Full Moon Transit Analyses, Zodiacal Compatibility & Love Chemistry, Planetary Shift Predictions","Direct, informative, and structured. Focuses on astrological forecasting and practical transit application.",Astrology enthusiasts tracking daily/monthly planetary shifts and sign-by-sign relationship compatibility.,"Sign-specific transit titles with high urgency (e.g., 'Horóscopo de Amor: Lo que viene para cada signo en la Luna Llena').","Minor planetary aspect technicalities, Lacks sign-specific breakdowns"
6,UC47Ndm5Ph8R8kQym4VcU-XA,Enzo De Paola,50,6900.0,636.8,10.82,"Humanistic Astrology & Archetypal Psychology, Inner Child Healing & Shadow Integration, Emotional Maturity in Romantic Relationships, Self-Discovery through Astrology","Eloquent, deep, and introspective. Combines scholarly psychological depth with warm personal guidance.","Mature viewers seeking serious psychological astrology, shadow work, and deep emotional healing.","Deep psychological questions (e.g., 'Cómo sanar la herida del niño interior en la pareja').","Overly academic lecture titles, Complex psychological jargon"
7,UC075BqrnwXWVFzM3d2zSsbg,Arquetipos Humanos,18,770.0,490.7,1.57,"Jungian Archetypes & Personality Types, The Collective Unconscious in Daily Life, Psychological Symbols in Relationships, Personal Growth & Mythological Frameworks","Instructional, analytical, and structured. Focuses on psychological typology and mythological symbolism.","Students of psychology, mythology, and self-knowledge interested in Jungian personality frameworks.","Direct archetype profiling (e.g., 'El arquetipo de la Sombra y cómo se manifiesta en el amor').","Theoretical personality modules, Abstract psychological terminology"
8,UC1Ot0Bf072TF7ziXMXzAQxQ,Escuela Transformacional,50,13300.0,511.5,25.95,"Emotional Intelligence & Self-Mastery, Transformational Coaching & Mindset, Conscious Communication in Relationships, Overcoming Anxiety & Life Stress","Practical, motivational, and structured. Operates like a personal growth academy.","People seeking structured coaching, emotional intelligence tools, and actionable relationship strategies.","Actionable 'How-To' guides and coaching steps (e.g., 'Cómo comunicarse en pareja sin discutir ni pelear').","Generic coaching masterclass replays, Overly general goal setting"
9,UC2sosSOGvUW4SuhFL8JzKlQ,Gabriela Arias Uriburu,50,5680.0,354.9,15.96,"Family Constellations & Systemic Healing, Parent-Child Bond & Transgenerational Trauma, Resilience, Forgiveness & Emotional Reconciliation, Human Rights & Family Connection","Deeply moving, empathetic, and human. Driven by personal resilience and systemic therapy principles.","Individuals healing family trauma, parental alienation, ancestral patterns, and seeking deep emotional reconciliation.","Emotional healing stories and family constellation insights (e.g., 'Sanar la relación con los padres para liberar la propia vida').","Short event summaries, Institutional announcements"
10,UC-zka6-fO33PV3hgpFxW6mQ,El testigo silencioso,50,197100.0,3430.0,57.45,"Non-Duality & Advaita Vedanta Philosophy, The Inner Witness & Silent Meditation, Dissolving the Ego & Emotional Awakening, Liberation from Mental Suffering","Profoundly quiet, meditative, and transcendent. Focuses on stillness, presence, and non-dual awareness.","Advanced spiritual seekers, meditators, and those longing for liberation from mental suffering and ego identification.","Contemplative, high-peace promises (e.g., 'Cómo silenciar la mente y encontrar la paz interior profunda').","Complex non-dual philosophical terminology, Short unguided clips"
